F1-score (Fm),Sensibilidad (S),Exactitud (Acc),Especificidad (SP),Recall (RC),Precisión (PR),Tasa Falsos Negativos (FNR),Tasa Falsos Positivos (FPR),AUC
0.9326599326599326,0.9333333333333333,0.9333333333333333,0.9666666666666667,0.9333333333333333,0.9444444444444445,0.06666666666666665,0.03333333333333333,0.9866666666666667
