F1-score (Fm),Sensibilidad (S),Exactitud (Acc),Especificidad (SP),Recall (RC),Precisión (PR),Tasa Falsos Negativos (FNR),Tasa Falsos Positivos (FPR),AUC
0.8329156223893065,0.8333333333333334,0.8333333333333334,0.9166666666666666,0.8333333333333334,0.8350168350168351,0.16666666666666663,0.08333333333333333,0.955
