F1-score (Fm),Sensibilidad (S),Exactitud (Acc),Especificidad (SP),Recall (RC),Precisión (PR),Tasa Falsos Negativos (FNR),Tasa Falsos Positivos (FPR),AUC
0.9665831244778613,0.9666666666666667,0.9666666666666667,0.9833333333333333,0.9666666666666667,0.9696969696969696,0.033333333333333326,0.016666666666666666,0.9966666666666667
