F1-score (Fm),Sensibilidad (S),Exactitud (Acc),Especificidad (SP),Recall (RC),Precisión (PR),Tasa Falsos Negativos (FNR),Tasa Falsos Positivos (FPR),AUC
0.7660818713450293,0.7666666666666667,0.7666666666666667,0.8833333333333333,0.7666666666666667,0.7676767676767677,0.23333333333333328,0.11666666666666667,0.9166666666666666
