F1-score (Fm),Sensibilidad (S),Exactitud (Acc),Especificidad (SP),Recall (RC),Precisión (PR),Tasa Falsos Negativos (FNR),Tasa Falsos Positivos (FPR),AUC
0.8666666666666667,0.8666666666666667,0.8666666666666667,0.9333333333333333,0.8666666666666667,0.8666666666666667,0.1333333333333333,0.06666666666666667,0.9816666666666668
