F1-score (Fm),Sensibilidad (S),Exactitud (Acc),Especificidad (SP),Recall (RC),Precisión (PR),Tasa Falsos Negativos (FNR),Tasa Falsos Positivos (FPR),AUC
0.8653198653198653,0.8666666666666667,0.8666666666666667,,0.8666666666666667,0.875,0.1333333333333333,,0.9766666666666667
